{
    "variants": {
        "facing=south,in_wall=false,open=false": { "model": "biomesoplenty:magic_fence_gate_closed" },
        "facing=west,in_wall=false,open=false":  { "model": "biomesoplenty:magic_fence_gate_closed_alt" },
        "facing=north,in_wall=false,open=false": { "model": "biomesoplenty:magic_fence_gate_closed" },
        "facing=east,in_wall=false,open=false":  { "model": "biomesoplenty:magic_fence_gate_closed_alt" },
        "facing=south,in_wall=false,open=true": { "model": "biomesoplenty:magic_fence_gate_open2" },
        "facing=west,in_wall=false,open=true":  { "model": "biomesoplenty:magic_fence_gate_open_alt2" },
        "facing=north,in_wall=false,open=true": { "model": "biomesoplenty:magic_fence_gate_open" },
        "facing=east,in_wall=false,open=true":  { "model": "biomesoplenty:magic_fence_gate_open_alt" },
        "facing=south,in_wall=true,open=false": { "model": "biomesoplenty:magic_wall_gate_closed" },
        "facing=west,in_wall=true,open=false":  { "model": "biomesoplenty:magic_wall_gate_closed_alt" },
        "facing=north,in_wall=true,open=false": { "model": "biomesoplenty:magic_wall_gate_closed" },
        "facing=east,in_wall=true,open=false":  { "model": "biomesoplenty:magic_wall_gate_closed_alt" },
        "facing=south,in_wall=true,open=true": { "model": "biomesoplenty:magic_wall_gate_open2" },
        "facing=west,in_wall=true,open=true":  { "model": "biomesoplenty:magic_wall_gate_open_alt2" },
        "facing=north,in_wall=true,open=true": { "model": "biomesoplenty:magic_wall_gate_open" },
        "facing=east,in_wall=true,open=true":  { "model": "biomesoplenty:magic_wall_gate_open_alt" }
    }
}