{
	"__comment": "Designed by HanFox with Cubik - http://bdcraft.net",
	"parent": "block/block",
	"textures": {
		"particle": "forestry:blocks/wood/planks.larch",
		"post": "forestry:blocks/fences/bdc_fence_post_side2",
		"top": "forestry:blocks/fences/bdc_fence_post_top1",
		"crossbartop": "forestry:blocks/fences/bdc_fence_crossbar_top1",
		"crossbarside": "forestry:blocks/fences/bdc_fence_crossbar_side2"
	},
	"elements": [
		{
			"__comment": "Inner vertical post of left-hand gate door",
			"from": [ 6, 3, 7 ],
			"to": [ 8, 12, 9 ],
			"faces": {
				"down": { "uv": [ 12, 12, 16, 8 ], "texture": "#top" },
				"up": { "uv": [ 12, 8, 16, 12 ], "texture": "#top" },
				"north": { "uv": [ 12, 0, 16, 8 ], "texture": "#post" },
				"south": { "uv": [ 12, 0, 16, 8 ], "texture": "#post" },
				"west": { "uv": [ 12, 0, 16, 8 ], "texture": "#post" },
				"east": { "uv": [ 12, 0, 16, 8 ], "texture": "#post" }
			}
		},
		{
			"__comment": "Inner vertical post of right-hand gate door",
			"from": [ 8, 3, 7 ],
			"to": [ 10, 12, 9 ],
			"faces": {
				"down": { "uv": [ 12, 12, 16, 8 ], "texture": "#top" },
				"up": { "uv": [ 12, 8, 16, 12 ], "texture": "#top" },
				"north": { "uv": [ 12, 0, 16, 8 ], "texture": "#post" },
				"south": { "uv": [ 12, 0, 16, 8 ], "texture": "#post" },
				"west": { "uv": [ 12, 0, 16, 8 ], "texture": "#post" },
				"east": { "uv": [ 12, 0, 16, 8 ], "texture": "#post" }
			}
		},
		{
			"__comment": "Upper horizontal bar of left-hand gate door",
			"from": [ 2, 9, 7 ],
			"to": [ 4, 12, 9 ],
			"faces": {
				"down": { "uv": [ 14, 12, 16, 10 ], "texture": "#crossbartop" },
				"up": { "uv": [ 13.5, 10, 11, 12 ], "texture": "#crossbartop" },
				"north": { "uv": [ 13, 0, 10.5, 3 ], "texture": "#crossbarside" },
				"south": { "uv": [ 10.5, 0, 13, 3 ], "texture": "#crossbarside" }
			}
		},
		{
			"__comment": "Upper horizontal bar of left-hand gate door2",
			"from": [ 4, 9, 7 ],
			"to": [ 6, 12, 9 ],
			"faces": {
				"down": { "uv": [ 14, 12, 16, 10 ], "texture": "#crossbartop" },
				"up": { "uv": [ 11, 10, 13.5, 12 ], "texture": "#crossbartop" },
				"north": { "uv": [ 10.5, 0, 13, 3 ], "texture": "#crossbarside" },
				"south": { "uv": [ 13, 0, 10.5, 3 ], "texture": "#crossbarside" }
			}
		},
		{
			"__comment": "Lower horizontal bar of left-hand gate door",
			"from": [ 2, 3, 7 ],
			"to": [ 4, 6, 9 ],
			"faces": {
				"down": { "uv": [ 14, 12, 16, 10 ], "texture": "#crossbartop" },
				"up": { "uv": [ 13.5, 10, 11, 12 ], "texture": "#crossbartop" },
				"north": { "uv": [ 13, 0, 10.5, 3 ], "texture": "#crossbarside" },
				"south": { "uv": [ 10.5, 0, 13, 3 ], "texture": "#crossbarside" }
			}
		},
		{
			"__comment": "Lower horizontal bar of left-hand gate door2",
			"from": [ 4, 3, 7 ],
			"to": [ 6, 6, 9 ],
			"faces": {
				"down": { "uv": [ 14, 12, 16, 10 ], "texture": "#crossbartop" },
				"up": { "uv": [ 11, 10, 13.5, 12 ], "texture": "#crossbartop" },
				"north": { "uv": [ 10.5, 0, 13, 3 ], "texture": "#crossbarside" },
				"south": { "uv": [ 13, 0, 10.5, 3 ], "texture": "#crossbarside" }
			}
		},
		{
			"__comment": "Lower horizontal bar of right-hand gate door",
			"from": [ 10, 3, 7 ],
			"to": [ 12, 6, 9 ],
			"faces": {
				"down": { "uv": [ 14, 12, 16, 10 ], "texture": "#crossbartop" },
				"up": { "uv": [ 13.5, 10, 11, 12 ], "texture": "#crossbartop" },
				"north": { "uv": [ 13, 0, 10.5, 3 ], "texture": "#crossbarside" },
				"south": { "uv": [ 10.5, 0, 13, 3 ], "texture": "#crossbarside" }
			}
		},
		{
			"__comment": "Upper horizontal bar of right-hand gate door2",
			"from": [ 12, 9, 7 ],
			"to": [ 14, 12, 9 ],
			"faces": {
				"down": { "uv": [ 14, 12, 16, 10 ], "texture": "#crossbartop" },
				"up": { "uv": [ 11, 10, 13.5, 12 ], "texture": "#crossbartop" },
				"north": { "uv": [ 10.5, 0, 13, 3 ], "texture": "#crossbarside" },
				"south": { "uv": [ 13, 0, 10.5, 3 ], "texture": "#crossbarside" }
			}
		},
		{
			"__comment": "Upper horizontal bar of right-hand gate door",
			"from": [ 10, 9, 7 ],
			"to": [ 12, 12, 9 ],
			"faces": {
				"down": { "uv": [ 14, 12, 16, 10 ], "texture": "#crossbartop" },
				"up": { "uv": [ 13.5, 10, 11, 12 ], "texture": "#crossbartop" },
				"north": { "uv": [ 13, 0, 10.5, 3 ], "texture": "#crossbarside" },
				"south": { "uv": [ 10.5, 0, 13, 3 ], "texture": "#crossbarside" }
			}
		},
		{
			"__comment": "Lower horizontal bar of right-hand gate door2",
			"from": [ 12, 3, 7 ],
			"to": [ 14, 6, 9 ],
			"faces": {
				"down": { "uv": [ 14, 12, 16, 10 ], "texture": "#crossbartop" },
				"up": { "uv": [ 11, 10, 13.5, 12 ], "texture": "#crossbartop" },
				"north": { "uv": [ 10.5, 0, 13, 3 ], "texture": "#crossbarside" },
				"south": { "uv": [ 13, 0, 10.5, 3 ], "texture": "#crossbarside" }
			}
		}
	]
}
