{
	"__comment": "Designed by HanFox with Cubik - http://bdcraft.net",
	"parent": "block/block",
	"textures": {
		"particle": "forestry:blocks/wood/planks.padauk",
		"post": "forestry:blocks/fences/bdc_fence_post_side3",
		"top": "forestry:blocks/fences/bdc_fence_post_top2",
		"crossbartop": "forestry:blocks/fences/bdc_fence_crossbar_top2",
		"crossbarside": "forestry:blocks/fences/bdc_fence_crossbar_side2"
	},
	"elements": [
		{
			"__comment": "Inner vertical post of left-hand gate door",
			"from": [ 7, 6, 6 ],
			"to": [ 9, 15, 8 ],
			"faces": {
				"down": { "uv": [ 0, 0, 4, 4 ], "texture": "#top", "rotation": 270 },
				"up": { "uv": [ 0, 4, 4, 0 ], "texture": "#top", "rotation": 90 },
				"north": { "uv": [ 0, 0, 4, 8 ], "texture": "#post" },
				"south": { "uv": [ 0, 0, 4, 8 ], "texture": "#post" },
				"west": { "uv": [ 0, 0, 4, 8 ], "texture": "#post" },
				"east": { "uv": [ 0, 0, 4, 8 ], "texture": "#post" }
			}
		},
		{
			"__comment": "Inner vertical post of right-hand gate door",
			"from": [ 7, 6, 8 ],
			"to": [ 9, 15, 10 ],
			"faces": {
				"down": { "uv": [ 0, 0, 4, 4 ], "texture": "#top", "rotation": 270 },
				"up": { "uv": [ 0, 4, 4, 0 ], "texture": "#top", "rotation": 90 },
				"north": { "uv": [ 0, 0, 4, 8 ], "texture": "#post" },
				"south": { "uv": [ 0, 0, 4, 8 ], "texture": "#post" },
				"west": { "uv": [ 0, 0, 4, 8 ], "texture": "#post" },
				"east": { "uv": [ 0, 0, 4, 8 ], "texture": "#post" }
			}
		},
		{
			"__comment": "Upper horizontal bar of left-hand gate door",
			"from": [ 7, 12, 12 ],
			"to": [ 9, 15, 14 ],
			"faces": {
				"down": { "uv": [ 6, 2, 8, 0 ], "texture": "#crossbartop", "rotation": 90 },
				"up": { "uv": [ 5.5, 0, 3, 2 ], "texture": "#crossbartop", "rotation": 270 },
				"west": { "uv": [ 5, 9, 2.5, 12 ], "texture": "#crossbarside" },
				"east": { "uv": [ 2.5, 9, 5, 12 ], "texture": "#crossbarside" }
			}
		},
		{
			"__comment": "Upper horizontal bar of left-hand gate door2",
			"from": [ 7, 12, 10 ],
			"to": [ 9, 15, 12 ],
			"faces": {
				"down": { "uv": [ 6, 2, 8, 0 ], "texture": "#crossbartop", "rotation": 90 },
				"up": { "uv": [ 3, 0, 5.5, 2 ], "texture": "#crossbartop", "rotation": 270 },
				"west": { "uv": [ 2.5, 9, 5, 12 ], "texture": "#crossbarside" },
				"east": { "uv": [ 5, 9, 2.5, 12 ], "texture": "#crossbarside" }
			}
		},
		{
			"__comment": "Lower horizontal bar of left-hand gate door",
			"from": [ 7, 6, 12 ],
			"to": [ 9, 9, 14 ],
			"faces": {
				"down": { "uv": [ 6, 2, 8, 0 ], "texture": "#crossbartop", "rotation": 90 },
				"up": { "uv": [ 5.5, 0, 3, 2 ], "texture": "#crossbartop", "rotation": 270 },
				"west": { "uv": [ 5, 9, 2.5, 12 ], "texture": "#crossbarside" },
				"east": { "uv": [ 2.5, 9, 5, 12 ], "texture": "#crossbarside" }
			}
		},
		{
			"__comment": "Lower horizontal bar of left-hand gate door2",
			"from": [ 7, 6, 10 ],
			"to": [ 9, 9, 12 ],
			"faces": {
				"down": { "uv": [ 6, 2, 8, 0 ], "texture": "#crossbartop", "rotation": 90 },
				"up": { "uv": [ 3, 0, 5.5, 2 ], "texture": "#crossbartop", "rotation": 270 },
				"west": { "uv": [ 2.5, 9, 5, 12 ], "texture": "#crossbarside" },
				"east": { "uv": [ 5, 9, 2.5, 12 ], "texture": "#crossbarside" }
			}
		},
		{
			"__comment": "Lower horizontal bar of right-hand gate door",
			"from": [ 7, 6, 4 ],
			"to": [ 9, 9, 6 ],
			"faces": {
				"down": { "uv": [ 6, 2, 8, 0 ], "texture": "#crossbartop", "rotation": 90 },
				"up": { "uv": [ 5.5, 0, 3, 2 ], "texture": "#crossbartop", "rotation": 270 },
				"west": { "uv": [ 5, 9, 2.5, 12 ], "texture": "#crossbarside" },
				"east": { "uv": [ 2.5, 9, 5, 12 ], "texture": "#crossbarside" }
			}
		},
		{
			"__comment": "Upper horizontal bar of right-hand gate door2",
			"from": [ 7, 12, 2 ],
			"to": [ 9, 15, 4 ],
			"faces": {
				"down": { "uv": [ 6, 2, 8, 0 ], "texture": "#crossbartop", "rotation": 90 },
				"up": { "uv": [ 3, 0, 5.5, 2 ], "texture": "#crossbartop", "rotation": 270 },
				"west": { "uv": [ 2.5, 9, 5, 12 ], "texture": "#crossbarside" },
				"east": { "uv": [ 5, 9, 2.5, 12 ], "texture": "#crossbarside" }
			}
		},
		{
			"__comment": "Upper horizontal bar of right-hand gate door",
			"from": [ 7, 12, 4 ],
			"to": [ 9, 15, 6 ],
			"faces": {
				"down": { "uv": [ 6, 2, 8, 0 ], "texture": "#crossbartop", "rotation": 90 },
				"up": { "uv": [ 5.5, 0, 3, 2 ], "texture": "#crossbartop", "rotation": 270 },
				"west": { "uv": [ 5, 9, 2.5, 12 ], "texture": "#crossbarside" },
				"east": { "uv": [ 2.5, 9, 5, 12 ], "texture": "#crossbarside" }
			}
		},
		{
			"__comment": "Lower horizontal bar of right-hand gate door2",
			"from": [ 7, 6, 2 ],
			"to": [ 9, 9, 4 ],
			"faces": {
				"down": { "uv": [ 6, 2, 8, 0 ], "texture": "#crossbartop", "rotation": 90 },
				"up": { "uv": [ 3, 0, 5.5, 2 ], "texture": "#crossbartop", "rotation": 270 },
				"west": { "uv": [ 2.5, 9, 5, 12 ], "texture": "#crossbarside" },
				"east": { "uv": [ 5, 9, 2.5, 12 ], "texture": "#crossbarside" }
			}
		}
	]
}
