{
	"__comment": "Designed by HanFox with Cubik",
	"parent": "block/block",
	"ambientocclusion": false,
	"textures": {
		"post": "biomesoplenty:blocks/bdc_fence_post4",
		"crossbar": "biomesoplenty:blocks/bdc_fence_crossbar8"
	},
	"elements": [
		{
			"__comment": "Left post",
			"from": [ 6, -0.5, 0 ],
			"to": [ 10, 16, 4 ],
			"faces": {
				"down": { "uv": [ 12, 12, 16, 16 ], "texture": "#crossbar", "rotation": 270 },
				"up": { "uv": [ 12, 12, 16, 16 ], "texture": "#crossbar" },
				"north": { "uv": [ 12, 0, 16, 16 ], "texture": "#post" },
				"south": { "uv": [ 12, 0, 16, 16 ], "texture": "#post" },
				"west": { "uv": [ 12, 0, 16, 16 ], "texture": "#post" },
				"east": { "uv": [ 12, 0, 16, 16 ], "texture": "#post" }
			}
		},
		{
			"__comment": "Right post",
			"from": [ 6, 0, 12 ],
			"to": [ 10, 16, 16 ],
			"faces": {
				"down": { "uv": [ 12, 12, 16, 16 ], "texture": "#crossbar", "rotation": 270 },
				"up": { "uv": [ 12, 12, 16, 16 ], "texture": "#crossbar" },
				"north": { "uv": [ 12, 0, 16, 16 ], "texture": "#post" },
				"south": { "uv": [ 12, 0, 16, 16 ], "texture": "#post" },
				"west": { "uv": [ 12, 0, 16, 16 ], "texture": "#post" },
				"east": { "uv": [ 12, 0, 16, 16 ], "texture": "#post" }
			}
		},
		{
			"__comment": "Top bar",
			"from": [ 7, 13, -2 ],
			"to": [ 9, 15, 18 ],
			"faces": {
				"down": { "uv": [ 6, 6, 8, 7 ], "texture": "#crossbar" },
				"up": { "uv": [ 6, 6, 8, 7 ], "texture": "#crossbar" },
				"north": { "uv": [ 12, 12, 16, 16 ], "texture": "#crossbar" },
				"south": { "uv": [ 12, 12, 16, 16 ], "texture": "#crossbar" },
				"west": { "uv": [ 6, 6, 8, 7 ], "texture": "#crossbar", "rotation": 90 },
				"east": { "uv": [ 6, 6, 8, 7 ], "texture": "#crossbar", "rotation": 90 }
			}
		},
		{
			"__comment": "Lower bar",
			"from": [ 7, 5, -2 ],
			"to": [ 9, 7, 18 ],
			"faces": {
				"down": { "uv": [ 6, 6, 8, 7 ], "texture": "#crossbar" },
				"up": { "uv": [ 6, 6, 8, 7 ], "texture": "#crossbar" },
				"north": { "uv": [ 12, 12, 16, 16 ], "texture": "#crossbar" },
				"south": { "uv": [ 12, 12, 16, 16 ], "texture": "#crossbar" },
				"west": { "uv": [ 6, 6, 8, 7 ], "texture": "#crossbar", "rotation": 90 },
				"east": { "uv": [ 6, 6, 8, 7 ], "texture": "#crossbar", "rotation": 90 }
			}
		}
	],
	"display": {
		"gui": {
			"rotation":  [ 30, 135, 0 ],
			"scale":  [ 0.625, 0.625, 0.625 ]
		},
		"fixed": {
			"rotation":  [ 0, 90, 0 ],
			"scale":  [ 0.5, 0.5, 0.5 ]
		}
	}
}
