{
	"__comment": "Designed by HanFox with Cubik - http://bdcraft.net",
	"parent": "block/block",
	"textures": {
		"particle": "forestry:blocks/wood/planks.lime",
		"post": "forestry:blocks/fences/bdc_fence_post_side2",
		"top": "forestry:blocks/fences/bdc_fence_post_top1",
		"crossbartop": "forestry:blocks/fences/bdc_fence_crossbar_top1",
		"crossbarside": "forestry:blocks/fences/bdc_fence_crossbar_side2"
	},
	"elements": [
		{
			"__comment": "Inner vertical post of left-hand gate door",
			"from": [ 7, 3, 6 ],
			"to": [ 9, 12, 8 ],
			"faces": {
				"down": { "uv": [ 0, 12, 4, 16 ], "texture": "#top", "rotation": 270 },
				"up": { "uv": [ 0, 16, 4, 12 ], "texture": "#top", "rotation": 90 },
				"north": { "uv": [ 0, 8, 4, 16 ], "texture": "#post" },
				"south": { "uv": [ 0, 8, 4, 16 ], "texture": "#post" },
				"west": { "uv": [ 0, 8, 4, 16 ], "texture": "#post" },
				"east": { "uv": [ 0, 8, 4, 16 ], "texture": "#post" }
			}
		},
		{
			"__comment": "Inner vertical post of right-hand gate door",
			"from": [ 7, 3, 8 ],
			"to": [ 9, 12, 10 ],
			"faces": {
				"down": { "uv": [ 0, 12, 4, 16 ], "texture": "#top", "rotation": 270 },
				"up": { "uv": [ 0, 16, 4, 12 ], "texture": "#top", "rotation": 90 },
				"north": { "uv": [ 0, 8, 4, 16 ], "texture": "#post" },
				"south": { "uv": [ 0, 8, 4, 16 ], "texture": "#post" },
				"west": { "uv": [ 0, 8, 4, 16 ], "texture": "#post" },
				"east": { "uv": [ 0, 8, 4, 16 ], "texture": "#post" }
			}
		},
		{
			"__comment": "Upper horizontal bar of left-hand gate door",
			"from": [ 7, 9, 12 ],
			"to": [ 9, 12, 14 ],
			"faces": {
				"down": { "uv": [ 6, 14, 8, 12 ], "texture": "#crossbartop", "rotation": 90 },
				"up": { "uv": [ 5.5, 12, 3, 14 ], "texture": "#crossbartop", "rotation": 270 },
				"west": { "uv": [ 5, 3, 2.5, 6 ], "texture": "#crossbarside" },
				"east": { "uv": [ 2.5, 3, 5, 6 ], "texture": "#crossbarside" }
			}
		},
		{
			"__comment": "Upper horizontal bar of left-hand gate door2",
			"from": [ 7, 9, 10 ],
			"to": [ 9, 12, 12 ],
			"faces": {
				"down": { "uv": [ 6, 14, 8, 12 ], "texture": "#crossbartop", "rotation": 90 },
				"up": { "uv": [ 3, 12, 5.5, 14 ], "texture": "#crossbartop", "rotation": 270 },
				"west": { "uv": [ 2.5, 3, 5, 6 ], "texture": "#crossbarside" },
				"east": { "uv": [ 5, 3, 2.5, 6 ], "texture": "#crossbarside" }
			}
		},
		{
			"__comment": "Lower horizontal bar of left-hand gate door",
			"from": [ 7, 3, 12 ],
			"to": [ 9, 6, 14 ],
			"faces": {
				"down": { "uv": [ 6, 14, 8, 12 ], "texture": "#crossbartop", "rotation": 90 },
				"up": { "uv": [ 5.5, 12, 3, 14 ], "texture": "#crossbartop", "rotation": 270 },
				"west": { "uv": [ 5, 3, 2.5, 6 ], "texture": "#crossbarside" },
				"east": { "uv": [ 2.5, 3, 5, 6 ], "texture": "#crossbarside" }
			}
		},
		{
			"__comment": "Lower horizontal bar of left-hand gate door2",
			"from": [ 7, 3, 10 ],
			"to": [ 9, 6, 12 ],
			"faces": {
				"down": { "uv": [ 6, 14, 8, 12 ], "texture": "#crossbartop", "rotation": 90 },
				"up": { "uv": [ 3, 12, 5.5, 14 ], "texture": "#crossbartop", "rotation": 270 },
				"west": { "uv": [ 2.5, 3, 5, 6 ], "texture": "#crossbarside" },
				"east": { "uv": [ 5, 3, 2.5, 6 ], "texture": "#crossbarside" }
			}
		},
		{
			"__comment": "Lower horizontal bar of right-hand gate door",
			"from": [ 7, 3, 4 ],
			"to": [ 9, 6, 6 ],
			"faces": {
				"down": { "uv": [ 6, 14, 8, 12 ], "texture": "#crossbartop", "rotation": 90 },
				"up": { "uv": [ 5.5, 12, 3, 14 ], "texture": "#crossbartop", "rotation": 270 },
				"west": { "uv": [ 5, 3, 2.5, 6 ], "texture": "#crossbarside" },
				"east": { "uv": [ 2.5, 3, 5, 6 ], "texture": "#crossbarside" }
			}
		},
		{
			"__comment": "Upper horizontal bar of right-hand gate door2",
			"from": [ 7, 9, 2 ],
			"to": [ 9, 12, 4 ],
			"faces": {
				"down": { "uv": [ 6, 14, 8, 12 ], "texture": "#crossbartop", "rotation": 90 },
				"up": { "uv": [ 3, 12, 5.5, 14 ], "texture": "#crossbartop", "rotation": 270 },
				"west": { "uv": [ 2.5, 3, 5, 6 ], "texture": "#crossbarside" },
				"east": { "uv": [ 5, 3, 2.5, 6 ], "texture": "#crossbarside" }
			}
		},
		{
			"__comment": "Upper horizontal bar of right-hand gate door",
			"from": [ 7, 9, 4 ],
			"to": [ 9, 12, 6 ],
			"faces": {
				"down": { "uv": [ 6, 14, 8, 12 ], "texture": "#crossbartop", "rotation": 90 },
				"up": { "uv": [ 5.5, 12, 3, 14 ], "texture": "#crossbartop", "rotation": 270 },
				"west": { "uv": [ 5, 3, 2.5, 6 ], "texture": "#crossbarside" },
				"east": { "uv": [ 2.5, 3, 5, 6 ], "texture": "#crossbarside" }
			}
		},
		{
			"__comment": "Lower horizontal bar of right-hand gate door2",
			"from": [ 7, 3, 2 ],
			"to": [ 9, 6, 4 ],
			"faces": {
				"down": { "uv": [ 6, 14, 8, 12 ], "texture": "#crossbartop", "rotation": 90 },
				"up": { "uv": [ 3, 12, 5.5, 14 ], "texture": "#crossbartop", "rotation": 270 },
				"west": { "uv": [ 2.5, 3, 5, 6 ], "texture": "#crossbarside" },
				"east": { "uv": [ 5, 3, 2.5, 6 ], "texture": "#crossbarside" }
			}
		}
	]
}
