{
	"__comment": "Designed by HanFox with Cubik - http://bdcraft.net",
	"parent": "block/block",
	"textures": {
		"particle": "forestry:blocks/wood/planks.lime",
		"post": "forestry:blocks/fences/bdc_fence_post_side2",
		"top": "forestry:blocks/fences/bdc_fence_post_top1"
	},
	"elements": [
		{
			"__comment": "Left-hand post",
			"from": [ 7, 5, 0 ],
			"to": [ 9, 16, 2 ],
			"faces": {
				"down": { "uv": [ 0, 12, 4, 16 ], "texture": "#top", "rotation": 270 },
				"up": { "uv": [ 0, 16, 4, 12 ], "texture": "#top", "rotation": 90 },
				"north": { "uv": [ 0, 8, 4, 16 ], "texture": "#post", "cullface": "west" },
				"south": { "uv": [ 0, 8, 4, 16 ], "texture": "#post" },
				"west": { "uv": [ 0, 8, 4, 16 ], "texture": "#post" },
				"east": { "uv": [ 0, 8, 4, 16 ], "texture": "#post" }
			}
		},
		{
			"__comment": "Right-hand post",
			"from": [ 7, 5, 14 ],
			"to": [ 9, 16, 16 ],
			"faces": {
				"down": { "uv": [ 0, 12, 4, 16 ], "texture": "#top", "rotation": 270 },
				"up": { "uv": [ 0, 16, 4, 12 ], "texture": "#top", "rotation": 90 },
				"north": { "uv": [ 0, 8, 4, 16 ], "texture": "#post" },
				"south": { "uv": [ 0, 8, 4, 16 ], "texture": "#post", "cullface": "east" },
				"west": { "uv": [ 0, 8, 4, 16 ], "texture": "#post" },
				"east": { "uv": [ 0, 8, 4, 16 ], "texture": "#post" }
			}
		}
	]
}
