{
	"__comment": "Designed by HanFox with BDcraft Cubik Pro - http://bdcraft.net",
	"ambientocclusion": false,
	"textures": {
		"top": "forestry:blocks/fences/bdc_fence_crossbar_top1",
		"side": "forestry:blocks/fences/bdc_fence_crossbar_side2"
	},
	"elements": [
		{
			"__comment": "top bar",
			"from": [ 7, 12, 8 ],
			"to": [ 9, 15, 16 ],
			"faces": {
				"down": { "uv": [ 11, 14, 16, 12 ], "texture": "#top", "rotation": 90 },
				"up":   { "uv": [ 16, 14, 8, 12 ], "texture": "#top", "rotation": 90 },
				"west": { "uv": [ 8, 3, 16, 6 ], "texture": "#side" },
				"east": { "uv": [ 16, 3, 8, 6 ], "texture": "#side" }
			}
		},
		{
			"__comment": "lower bar",
			"from": [ 7, 6, 8 ],
			"to": [ 9, 9, 16 ],
			"faces": {
				"down": { "uv": [ 11, 14, 16, 12 ], "texture": "#top", "rotation": 90 },
				"up":   { "uv": [ 16, 14, 8, 12 ], "texture": "#top", "rotation": 90 },
				"west": { "uv": [ 8, 3, 16, 6 ], "texture": "#side" },
				"east": { "uv": [ 16, 3, 8, 6 ], "texture": "#side" }
			}
		}
	]
}
