{
	"__comment": "Designed by HanFox with BDcraft Cubik Pro - http://bdcraft.net",
	"ambientocclusion": false,
	"textures": {
		"top": "forestry:blocks/fences/bdc_fence_crossbar_top2",
		"side": "forestry:blocks/fences/bdc_fence_crossbar_side3"
	},
	"elements": [
		{
			"__comment": "top bar",
			"from": [ 7, 12, 8 ],
			"to": [ 9, 15, 16 ],
			"faces": {
				"down": { "uv": [ 11, 12, 16, 10 ], "texture": "#top", "rotation": 90 },
				"up":   { "uv": [ 16, 12, 8, 10 ], "texture": "#top", "rotation": 90 },
				"west": { "uv": [ 8, 9, 16, 12 ], "texture": "#side" },
				"east": { "uv": [ 16, 9, 8, 12 ], "texture": "#side" }
			}
		},
		{
			"__comment": "lower bar",
			"from": [ 7, 6, 8 ],
			"to": [ 9, 9, 16 ],
			"faces": {
				"down": { "uv": [ 11, 12, 16, 10 ], "texture": "#top", "rotation": 90 },
				"up":   { "uv": [ 16, 12, 8, 10 ], "texture": "#top", "rotation": 90 },
				"west": { "uv": [ 8, 9, 16, 12 ], "texture": "#side" },
				"east": { "uv": [ 16, 9, 8, 12 ], "texture": "#side" }
			}
		}
	]
}
