{
	"__comment": "Designed by HanFox with Cubik - http://bdcraft.net",
	"parent": "block/block",
	"textures": {
		"particle": "forestry:blocks/wood/planks.ipe",
		"post": "forestry:blocks/fences/bdc_fence_post_side2",
		"top": "forestry:blocks/fences/bdc_fence_post_top1",
		"crossbartop": "forestry:blocks/fences/bdc_fence_crossbar_top1",
		"crossbarside": "forestry:blocks/fences/bdc_fence_crossbar_side1"
	},
	"elements": [
		{
			"__comment": "Inner vertical post of left-hand gate door",
			"from": [ 13, 6, 0 ],
			"to": [ 15, 15, 2 ],
			"faces": {
				"down": { "uv": [ 4, 8, 8, 12 ], "texture": "#top", "rotation": 270 },
				"up": { "uv": [ 4, 12, 8, 8 ], "texture": "#top", "rotation": 90 },
				"north": { "uv": [ 4, 0, 8, 8 ], "texture": "#post" },
				"south": { "uv": [ 4, 0, 8, 8 ], "texture": "#post" },
				"west": { "uv": [ 4, 0, 8, 8 ], "texture": "#post" },
				"east": { "uv": [ 4, 0, 8, 8 ], "texture": "#post" }
			}
		},
		{
			"__comment": "Inner vertical post of right-hand gate door",
			"from": [ 13, 6, 14 ],
			"to": [ 15, 15, 16 ],
			"faces": {
				"down": { "uv": [ 4, 8, 8, 12 ], "texture": "#top", "rotation": 270 },
				"up": { "uv": [ 4, 12, 8, 8 ], "texture": "#top", "rotation": 90 },
				"north": { "uv": [ 4, 0, 8, 8 ], "texture": "#post" },
				"south": { "uv": [ 4, 0, 8, 8 ], "texture": "#post" },
				"west": { "uv": [ 4, 0, 8, 8 ], "texture": "#post" },
				"east": { "uv": [ 4, 0, 8, 8 ], "texture": "#post" }
			}
		},
		{
			"__comment": "Upper horizontal bar of left-hand gate door",
			"from": [ 9, 12, 0 ],
			"to": [ 11, 15, 2 ],
			"faces": {
				"down": { "uv": [ 14, 8, 16, 10 ], "texture": "#crossbartop", "rotation": 180 },
				"up": { "uv": [ 13.5, 8, 11, 10 ], "texture": "#crossbartop" },
				"north": { "uv": [ 13, 12, 10.5, 15 ], "texture": "#crossbarside" },
				"south": { "uv": [ 10.5, 12, 13, 15 ], "texture": "#crossbarside" }
			}
		},
		{
			"__comment": "Upper horizontal bar of left-hand gate door2",
			"from": [ 11, 12, 0 ],
			"to": [ 13, 15, 2 ],
			"faces": {
				"down": { "uv": [ 14, 8, 16, 10 ], "texture": "#crossbartop", "rotation": 180 },
				"up": { "uv": [ 11, 8, 13.5, 10 ], "texture": "#crossbartop" },
				"north": { "uv": [ 10.5, 12, 13, 15 ], "texture": "#crossbarside" },
				"south": { "uv": [ 13, 12, 10.5, 15 ], "texture": "#crossbarside" }
			}
		},
		{
			"__comment": "Lower horizontal bar of left-hand gate door",
			"from": [ 9, 6, 0 ],
			"to": [ 11, 9, 2 ],
			"faces": {
				"down": { "uv": [ 14, 8, 16, 10 ], "texture": "#crossbartop", "rotation": 180 },
				"up": { "uv": [ 13.5, 8, 11, 10 ], "texture": "#crossbartop" },
				"north": { "uv": [ 13, 12, 10.5, 15 ], "texture": "#crossbarside" },
				"south": { "uv": [ 10.5, 12, 13, 15 ], "texture": "#crossbarside" }
			}
		},
		{
			"__comment": "Lower horizontal bar of left-hand gate door2",
			"from": [ 11, 6, 0 ],
			"to": [ 13, 9, 2 ],
			"faces": {
				"down": { "uv": [ 14, 8, 16, 10 ], "texture": "#crossbartop", "rotation": 180 },
				"up": { "uv": [ 11, 8, 13.5, 10 ], "texture": "#crossbartop" },
				"north": { "uv": [ 10.5, 12, 13, 15 ], "texture": "#crossbarside" },
				"south": { "uv": [ 13, 12, 10.5, 15 ], "texture": "#crossbarside" }
			}
		},
		{
			"__comment": "Lower horizontal bar of right-hand gate door",
			"from": [ 11, 6, 14 ],
			"to": [ 13, 9, 16 ],
			"faces": {
				"down": { "uv": [ 14, 8, 16, 10 ], "texture": "#crossbartop", "rotation": 180 },
				"up": { "uv": [ 11, 8, 13.5, 10 ], "texture": "#crossbartop" },
				"north": { "uv": [ 10.5, 12, 13, 15 ], "texture": "#crossbarside" },
				"south": { "uv": [ 13, 12, 10.5, 15 ], "texture": "#crossbarside" }
			}
		},
		{
			"__comment": "Upper horizontal bar of right-hand gate door2",
			"from": [ 9, 12, 14 ],
			"to": [ 11, 15, 16 ],
			"faces": {
				"down": { "uv": [ 14, 8, 16, 10 ], "texture": "#crossbartop", "rotation": 180 },
				"up": { "uv": [ 13.5, 8, 11, 10 ], "texture": "#crossbartop" },
				"north": { "uv": [ 13, 12, 10.5, 15 ], "texture": "#crossbarside" },
				"south": { "uv": [ 10.5, 12, 13, 15 ], "texture": "#crossbarside" }
			}
		},
		{
			"__comment": "Upper horizontal bar of right-hand gate door",
			"from": [ 11, 12, 14 ],
			"to": [ 13, 15, 16 ],
			"faces": {
				"down": { "uv": [ 14, 8, 16, 10 ], "texture": "#crossbartop", "rotation": 180 },
				"up": { "uv": [ 11, 8, 13.5, 10 ], "texture": "#crossbartop" },
				"north": { "uv": [ 10.5, 12, 13, 15 ], "texture": "#crossbarside" },
				"south": { "uv": [ 13, 12, 10.5, 15 ], "texture": "#crossbarside" }
			}
		},
		{
			"__comment": "Lower horizontal bar of right-hand gate door2",
			"from": [ 9, 6, 14 ],
			"to": [ 11, 9, 16 ],
			"faces": {
				"down": { "uv": [ 14, 8, 16, 10 ], "texture": "#crossbartop", "rotation": 180 },
				"up": { "uv": [ 13.5, 8, 11, 10 ], "texture": "#crossbartop" },
				"north": { "uv": [ 13, 12, 10.5, 15 ], "texture": "#crossbarside" },
				"south": { "uv": [ 10.5, 12, 13, 15 ], "texture": "#crossbarside" }
			}
		}
	]
}
